class,accuracy
anger,0.30303030303030304
disgust,0.6538461538461539
fear,0.2692307692307692
happiness,0.5925925925925926
sadness,0.3333333333333333
neutral,0.35714285714285715
