class,accuracy
anger,0.0
disgust,0.34615384615384615
fear,0.07692307692307693
happiness,1.0
sadness,0.15151515151515152
neutral,0.03571428571428571
