class,accuracy
anger,0.18181818181818182
disgust,0.5384615384615384
fear,0.19230769230769232
happiness,0.48148148148148145
sadness,0.24242424242424243
neutral,0.2857142857142857
