class,accuracy
anger,0.5151515151515151
disgust,0.6923076923076923
fear,0.19230769230769232
happiness,0.7037037037037037
sadness,0.06060606060606061
neutral,0.4642857142857143
