class,accuracy
anger,0.48484848484848486
disgust,0.7692307692307693
fear,0.0
happiness,0.6296296296296297
sadness,0.15151515151515152
neutral,0.7142857142857143
