class,accuracy
anger,0.42424242424242425
disgust,0.5384615384615384
fear,0.4230769230769231
happiness,0.4444444444444444
sadness,0.42424242424242425
neutral,0.42857142857142855
