class,accuracy
anger,0.5757575757575758
disgust,0.6923076923076923
fear,0.23076923076923078
happiness,0.5185185185185185
sadness,0.21212121212121213
neutral,0.42857142857142855
