class,accuracy
anger,0.36363636363636365
disgust,0.46153846153846156
fear,0.19230769230769232
happiness,0.5185185185185185
sadness,0.24242424242424243
neutral,0.35714285714285715
