class,accuracy
anger,0.36363636363636365
disgust,0.34615384615384615
fear,0.4230769230769231
happiness,0.5185185185185185
sadness,0.30303030303030304
neutral,0.35714285714285715
