class,accuracy
anger,0.5454545454545454
disgust,0.6153846153846154
fear,0.15384615384615385
happiness,0.7407407407407407
sadness,0.030303030303030304
neutral,0.21428571428571427
