class,accuracy
anger,0.6666666666666666
disgust,0.46153846153846156
fear,0.3076923076923077
happiness,0.5185185185185185
sadness,0.18181818181818182
neutral,0.5
