class,accuracy
anger,0.5151515151515151
disgust,0.46153846153846156
fear,0.19230769230769232
happiness,0.2222222222222222
sadness,0.06060606060606061
neutral,0.5714285714285714
