class,accuracy
anger,0.36363636363636365
disgust,0.19230769230769232
fear,0.19230769230769232
happiness,0.7407407407407407
sadness,0.45454545454545453
neutral,0.0
