class,accuracy
anger,0.2727272727272727
disgust,0.4230769230769231
fear,0.15384615384615385
happiness,0.6666666666666666
sadness,0.12121212121212122
neutral,0.42857142857142855
