class,accuracy
anger,0.24242424242424243
disgust,0.23076923076923078
fear,0.34615384615384615
happiness,0.5185185185185185
sadness,0.06060606060606061
neutral,0.0
