class,accuracy
anger,0.15151515151515152
disgust,0.46153846153846156
fear,0.15384615384615385
happiness,0.8518518518518519
sadness,0.15151515151515152
neutral,0.2857142857142857
