class,accuracy
anger,0.42424242424242425
disgust,0.7307692307692307
fear,0.07692307692307693
happiness,0.5185185185185185
sadness,0.0
neutral,0.14285714285714285
