class,accuracy
anger,0.5757575757575758
disgust,0.5
fear,0.15384615384615385
happiness,0.5925925925925926
sadness,0.3333333333333333
neutral,0.17857142857142858
