class,accuracy
anger,0.48484848484848486
disgust,0.6153846153846154
fear,0.07692307692307693
happiness,0.5925925925925926
sadness,0.0
neutral,0.21428571428571427
