class,accuracy
anger,0.36363636363636365
disgust,0.23076923076923078
fear,0.2692307692307692
happiness,0.18518518518518517
sadness,0.18181818181818182
neutral,0.2857142857142857
