class,accuracy
anger,0.09090909090909091
disgust,0.23076923076923078
fear,0.23076923076923078
happiness,0.7037037037037037
sadness,0.18181818181818182
neutral,0.25
