class,accuracy
anger,0.48484848484848486
disgust,0.7307692307692307
fear,0.07692307692307693
happiness,0.6296296296296297
sadness,0.06060606060606061
neutral,0.07142857142857142
