class,accuracy
anger,0.5454545454545454
disgust,0.5384615384615384
fear,0.34615384615384615
happiness,0.25925925925925924
sadness,0.06060606060606061
neutral,0.42857142857142855
