class,accuracy
Joy,0.5862068965517241
Fear,0.7083333333333334
Sadness,0.7941176470588235
Anger,0.7857142857142857
Disgust,0.7666666666666667
Neutral,0.75
Surprise,0.5714285714285714
