class,accuracy
Joy,0.27586206896551724
Fear,0.75
Sadness,0.9117647058823529
Anger,0.7142857142857143
Disgust,0.6333333333333333
Neutral,0.75
Surprise,0.5428571428571428
