class,accuracy
Joy,0.3793103448275862
Fear,0.6666666666666666
Sadness,0.6176470588235294
Anger,0.4642857142857143
Disgust,0.7333333333333333
Neutral,0.625
Surprise,0.2
