class,accuracy
Joy,0.3448275862068966
Fear,0.5833333333333334
Sadness,0.9117647058823529
Anger,0.8214285714285714
Disgust,0.8333333333333334
Neutral,0.875
Surprise,0.34285714285714286
