class,accuracy
Joy,0.4482758620689655
Fear,0.5416666666666666
Sadness,0.7941176470588235
Anger,0.6785714285714286
Disgust,0.6
Neutral,1.0
Surprise,0.9142857142857143
