class,accuracy
Joy,0.3793103448275862
Fear,0.5416666666666666
Sadness,0.7058823529411765
Anger,0.8928571428571429
Disgust,0.7666666666666667
Neutral,0.625
Surprise,0.8
