class,accuracy
Joy,0.5517241379310345
Fear,0.5416666666666666
Sadness,0.7941176470588235
Anger,0.6071428571428571
Disgust,0.7
Neutral,0.875
Surprise,0.9428571428571428
