class,accuracy
Joy,0.4482758620689655
Fear,0.6666666666666666
Sadness,0.7647058823529411
Anger,0.75
Disgust,0.8333333333333334
Neutral,0.375
Surprise,0.5142857142857142
