class,accuracy
Joy,0.3793103448275862
Fear,0.5416666666666666
Sadness,0.9411764705882353
Anger,0.75
Disgust,0.8
Neutral,0.875
Surprise,0.6285714285714286
