class,accuracy
Joy,0.4482758620689655
Fear,0.5
Sadness,0.6764705882352942
Anger,0.6428571428571429
Disgust,0.6
Neutral,0.875
Surprise,0.8571428571428571
