class,accuracy
Joy,0.3448275862068966
Fear,0.875
Sadness,0.5882352941176471
Anger,0.8928571428571429
Disgust,0.6
Neutral,0.625
Surprise,0.5142857142857142
