class,accuracy
Joy,0.2413793103448276
Fear,0.75
Sadness,0.6764705882352942
Anger,0.75
Disgust,0.6666666666666666
Neutral,0.625
Surprise,0.6857142857142857
