class,accuracy
Joy,0.20689655172413793
Fear,0.375
Sadness,0.7352941176470589
Anger,0.6428571428571429
Disgust,0.9
Neutral,1.0
Surprise,0.8
