class,accuracy
Joy,0.6551724137931034
Fear,0.75
Sadness,0.7352941176470589
Anger,0.8928571428571429
Disgust,0.7666666666666667
Neutral,0.875
Surprise,0.8285714285714286
