class,accuracy
Joy,0.3793103448275862
Fear,0.6666666666666666
Sadness,0.6176470588235294
Anger,0.5714285714285714
Disgust,0.5333333333333333
Neutral,0.75
Surprise,0.6285714285714286
