class,accuracy
Joy,0.06896551724137931
Fear,0.9166666666666666
Sadness,0.5882352941176471
Anger,0.42857142857142855
Disgust,0.4666666666666667
Neutral,0.375
Surprise,0.5142857142857142
