class,accuracy
Joy,0.2413793103448276
Fear,0.7916666666666666
Sadness,0.8235294117647058
Anger,0.75
Disgust,0.7666666666666667
Neutral,0.875
Surprise,0.7428571428571429
