class,accuracy
Joy,0.06896551724137931
Fear,0.0
Sadness,0.08823529411764706
Anger,0.42857142857142855
Disgust,0.23333333333333334
Neutral,1.0
Surprise,0.2571428571428571
