class,accuracy
Joy,0.6206896551724138
Fear,0.6666666666666666
Sadness,0.7941176470588235
Anger,0.8571428571428571
Disgust,0.8666666666666667
Neutral,0.875
Surprise,0.5428571428571428
