class,accuracy
Joy,0.5862068965517241
Fear,0.7916666666666666
Sadness,0.6764705882352942
Anger,0.75
Disgust,0.5666666666666667
Neutral,1.0
Surprise,0.6857142857142857
