class,accuracy
Joy,0.41379310344827586
Fear,0.625
Sadness,0.5294117647058824
Anger,0.8571428571428571
Disgust,0.7666666666666667
Neutral,0.625
Surprise,0.5714285714285714
