class,accuracy
Joy,0.6206896551724138
Fear,0.5833333333333334
Sadness,0.7352941176470589
Anger,0.6785714285714286
Disgust,0.6
Neutral,0.625
Surprise,0.6571428571428571
