class,accuracy
Joy,0.06896551724137931
Fear,0.16666666666666666
Sadness,0.38235294117647056
Anger,0.03571428571428571
Disgust,0.6333333333333333
Neutral,0.625
Surprise,0.0
