class,accuracy
Joy,0.3103448275862069
Fear,0.7083333333333334
Sadness,0.9411764705882353
Anger,0.5714285714285714
Disgust,0.8333333333333334
Neutral,0.75
Surprise,0.37142857142857144
