class,accuracy
Joy,0.5517241379310345
Fear,0.5833333333333334
Sadness,0.5294117647058824
Anger,0.9642857142857143
Disgust,0.6333333333333333
Neutral,1.0
Surprise,0.6857142857142857
