class,accuracy
Joy,0.5862068965517241
Fear,0.7916666666666666
Sadness,0.7647058823529411
Anger,0.6785714285714286
Disgust,0.7666666666666667
Neutral,1.0
Surprise,0.7714285714285715
