class,accuracy
Joy,0.2413793103448276
Fear,0.75
Sadness,0.47058823529411764
Anger,0.5714285714285714
Disgust,0.3333333333333333
Neutral,0.875
Surprise,0.4857142857142857
