class,accuracy
Joy,0.6551724137931034
Fear,0.625
Sadness,0.6764705882352942
Anger,0.7142857142857143
Disgust,0.5666666666666667
Neutral,1.0
Surprise,0.7142857142857143
