class,accuracy
Joy,0.2413793103448276
Fear,0.75
Sadness,0.6470588235294118
Anger,0.4642857142857143
Disgust,0.6
Neutral,0.5
Surprise,0.42857142857142855
