class,accuracy
Joy,0.4827586206896552
Fear,0.7916666666666666
Sadness,0.8529411764705882
Anger,0.8214285714285714
Disgust,0.7
Neutral,1.0
Surprise,0.6571428571428571
