class,accuracy
Joy,0.41379310344827586
Fear,0.6666666666666666
Sadness,0.7941176470588235
Anger,0.75
Disgust,0.9666666666666667
Neutral,0.75
Surprise,0.5142857142857142
