class,accuracy
Joy,0.5172413793103449
Fear,0.5416666666666666
Sadness,0.5588235294117647
Anger,0.9642857142857143
Disgust,0.6
Neutral,1.0
Surprise,0.4857142857142857
