class,accuracy
Joy,0.41379310344827586
Fear,0.75
Sadness,0.6764705882352942
Anger,0.6428571428571429
Disgust,0.4
Neutral,0.75
Surprise,0.37142857142857144
