class,accuracy
Joy,0.5172413793103449
Fear,0.5833333333333334
Sadness,0.7647058823529411
Anger,0.9285714285714286
Disgust,0.6666666666666666
Neutral,0.625
Surprise,0.5428571428571428
