class,accuracy
Joy,0.6206896551724138
Fear,0.7083333333333334
Sadness,0.5294117647058824
Anger,0.7857142857142857
Disgust,0.6
Neutral,0.875
Surprise,0.4857142857142857
