class,accuracy
Joy,0.13793103448275862
Fear,0.4166666666666667
Sadness,0.29411764705882354
Anger,0.35714285714285715
Disgust,0.3333333333333333
Neutral,0.125
Surprise,0.02857142857142857
