class,accuracy
angry,0.8214285714285714
disgusting,0.72
fearful,0.75
happy,0.43478260869565216
sad,1.0
