class,accuracy
angry,0.7857142857142857
disgusting,0.72
fearful,0.9
happy,0.391304347826087
sad,0.84
