class,accuracy
angry,0.6785714285714286
disgusting,0.48
fearful,0.9
happy,0.8695652173913043
sad,0.92
