class,accuracy
angry,0.8928571428571429
disgusting,0.72
fearful,0.8
happy,0.5217391304347826
sad,0.92
