class,accuracy
angry,0.6785714285714286
disgusting,0.56
fearful,0.75
happy,0.5652173913043478
sad,0.88
