class,accuracy
angry,0.8214285714285714
disgusting,0.8
fearful,0.9
happy,0.5652173913043478
sad,0.92
