class,accuracy
angry,0.8214285714285714
disgusting,0.56
fearful,0.75
happy,0.6521739130434783
sad,0.96
