class,accuracy
angry,0.8571428571428571
disgusting,0.88
fearful,0.65
happy,0.5652173913043478
sad,0.88
