class,accuracy
angry,0.7857142857142857
disgusting,0.88
fearful,0.85
happy,0.6956521739130435
sad,0.92
