class,accuracy
angry,0.8571428571428571
disgusting,0.64
fearful,0.85
happy,0.391304347826087
sad,0.96
