class,accuracy
angry,0.8571428571428571
disgusting,0.68
fearful,0.95
happy,0.6956521739130435
sad,0.84
