class,accuracy
angry,0.8928571428571429
disgusting,0.72
fearful,0.95
happy,0.6521739130434783
sad,0.84
