class,accuracy
angry,0.8571428571428571
disgusting,0.8
fearful,0.8
happy,0.7391304347826086
sad,0.92
