class,accuracy
angry,0.7142857142857143
disgusting,0.76
fearful,0.65
happy,0.4782608695652174
sad,0.92
