class,accuracy
angry,0.8214285714285714
disgusting,0.72
fearful,0.85
happy,0.6521739130434783
sad,0.68
