class,accuracy
angry,0.5714285714285714
disgusting,0.68
fearful,0.75
happy,0.6956521739130435
sad,0.68
