class,accuracy
angry,0.7142857142857143
disgusting,0.52
fearful,0.75
happy,0.6956521739130435
sad,0.92
