class,accuracy
angry,0.7857142857142857
disgusting,0.76
fearful,0.75
happy,0.6086956521739131
sad,0.84
