class,accuracy
angry,0.9285714285714286
disgusting,0.56
fearful,0.9
happy,0.6086956521739131
sad,0.88
