class,accuracy
angry,0.7857142857142857
disgusting,0.68
fearful,0.7
happy,0.7391304347826086
sad,0.92
