class,accuracy
angry,0.6428571428571429
disgusting,0.64
fearful,0.95
happy,0.5652173913043478
sad,0.84
