class,accuracy
angry,0.8214285714285714
disgusting,0.72
fearful,0.8
happy,0.6086956521739131
sad,0.88
