class,accuracy
angry,0.8571428571428571
disgusting,0.76
fearful,0.8
happy,0.6521739130434783
sad,0.88
