layer,accuracy
0,0.8604651162790697
1,0.8372093023255814
2,0.813953488372093
3,0.7848837209302325
4,0.7267441860465116
5,0.6976744186046512
6,0.6162790697674418
7,0.5697674418604651
8,0.5232558139534884
9,0.4941860465116279
10,0.6104651162790697
11,0.6046511627906976
