layer,accuracy
0,0.8895348837209303
1,0.8662790697674418
2,0.877906976744186
3,0.8604651162790697
4,0.7616279069767442
5,0.7383720930232558
6,0.7325581395348837
7,0.7383720930232558
8,0.7383720930232558
9,0.7906976744186046
10,0.6627906976744186
11,0.6337209302325582
